Nom,Contact
AGIDRA chez CALABAS INDUSTRIE,BRUNO GAUDIN
ALIDIS,M. CAPARROS
CIE DES GRAINS DU CAPRICORNE,MR du ROURE
CASIBEANS BVBA,Joke Pangrazio
ESCALE HYPERMARCHE,
CONSERVAS EL PILAR,WILLIAM BRUZON
BONDUELLE CONSERVE INTERNATIONAL,
SICA ST YVES,M. FONTAINE
AUX PRODUITS DE LA CORSE,
A.T.P. NEGOCE,M. MICHEL
BASTIA PRIMEURS,M. MARINO
ALANHERI PRODUKTEN B.V.,
CONSERVERIE MORBIHANNAISE,M. LEGAL
UNION FERMIERE MORBIHANNAISE SAS,M. GUERIN
MAINGOURD,M. SAINSON
PENY C.G.P.A.,M. TAHERON
ALBRING B.V.,
VAL D'AUCY,M. FOUQUET
SAS LES FILS DE A.DEPENNE,M. SOUSTRE
CONSERVERIE DU LANGUEDOC,RENE
STE COOPERATIVE AGRICOLE DES PRODUCTEURS DE BLE,
STE DE CHARCUTERIES ET DE CONSERVES,MME PICOT
CONSERVES FRANCE,REGINE DMYTRUS
OCCITANE PLATS CUISINES,MME BOUSSIER
RAYNAL ET ROQUELAURE PROVENCE,CHANTAL SERRET
AUGUSTE CYPRIEN,M. FRISON
ALIMENCO S.A.,Alfredo Rubal Falcon
ANTARTIC II,
ARCOBALENO,
ARLECCHINO S.P.A.,
LE DOMAINE D'AUZAN,
AYMERIC J.,
AYMERICH,
BAAY B.V,
BALAGNE CASH PLUS,
EERSTE EUROGRAAN,
FINAGRAIN,
FIMEX,
EUROTRADE INTERNATIONAL,
S A CLAUSE,MME WICKI
ESCORT,
BISSMA,
CASINO,
HYPER ROCADE 2,
LION DE TOGA 2,
CASSERIE DE LA VALLEE,
CONSERVES DU SUD (ETS CATUSSE),
CAVAC LEGUMES,M. RAYJAL BERNARD
CCA PERIGORD,M. BERNARD
RAYNAL ET ROQUELAURE STE LIVRADE,M. GIRMA
CHARLET,
DICOGEL N.V.,
CHARLET MICHEL,
CONSERVAS CHISTU,
CHARLES CHRIST ,MME CHRIST
CONSERVAS CIDACOS,
COME,
COROI REUNION,
HYPER CHAMPION,
CORSE PRIM,
ESCOURROU,
M.D.A. MERIDIONALE DISTRIBUTION,
EXICA,
EXIMGRAINS,
FEDRIGHI PATRICK,
FLANQUART,THIRIEZ MARIE LAETICIA
FLEURY MICHON,
BORGNA,
TARABRA EDOARDO E GIOVANNI,MONSIEUR TARABRA
DIELEMAN'S,
POORTMAN & CO B.V.,MR VAN BENTHEM
D'ORIANO,M. GUILLERMO JFRANCOIS
Societe BV Graanhandel P.van Schelven,
PRO A PRO DISTRIBUTION SUD,M. FURLAN
DURAND,
DURU S.A.,
CCA PERIGORD,M. JEAN LUC BERNARD
ETS GADEA FRUITS,
MOULIN GARDON,
GASTRONOMIE PROVENCALE,
MAISON REYNAUD ET FILS,
HERATCHIAN ET FILS,
DIAF,
SOULIE RESTAURATION,M. ALBINET
PETIT PIERRE,Florian DELPIERRE
CONSERVES DE PROVENCE,
RIVIERE,
RAYNAL ET ROQUELAURE SUD OUEST,
UNIMER,
FRIGOTIME,
LARZUL,P. JAGUT Direction Gle
BONGRAN,
COQ FRANCE,
WILLIAM SAURIN PRODUCTION,Cyril POUPLARD
AUDARY -  SODICAS,
HAUDECOEUR,
TOCHE MAURICE,
BENAYED MONSIEUR,
LECONTE FRANCIS,
GELDHOF FRANCE,
BRUNI PAUL ET FILS,
CONSERVERIE  AUGUSTE CYPRIEN,
BOUTET NICOLAS,J.Y. JEFFROY
ASSEMAN DEPREZ,
SABOPA,
DEMEY,
DERONSART MADAME,
DIGIACOMO C. ET FILS,
EBRO CONSERVERA,
EBRON CONSERVAS,
ERVEN G VAN SILLEVOLDT,
GEANT FRUITS ET LEGUMES,
GEANT CASINO,
GELAGRI BRETAGNE,M. GERARD
GILLET,
GILLOT,
GRANDS MOULINS DE STRASBOURG,
HENRY,
HERRMANN HENRI,
BASMAISON,
SABAROT WASSNER SAS,
CONSERVERIE KERLYS,
BENSOUSSAN,M.BENSOUSSAN
HENNEDROG,
MARIEN,
MANOUELIDES,06.70.40.22.05
CONSERVES BIZAC,
IMEX FOODS,
JANTRA INTERNATIONAL,
J.J. POORTMAN & CO B.V.,
MARIANI PRIMEURS,
ETS TRESCARTE,
PROSUMA DIVISION CENTRALE,
STEPHAN,M. Beatrice Bonneau
TERRES VENDEENNES,
SOCIETE DE CHARCUTERIES ET DE,
DEJAEGHERE N V,
OLIVIERI PRIMEURS,
CONSERVERIE MARIUS BERNARD,
MONSIEUR ACHAMSSE,
MONSIEUR BERTIN ANDRE,
SOCOGRAINS,
MONSIEUR BECHELA,
BIANCAMARIA,
BORGO PRIMEURS,M. MARIOTTI
CONSERVERIES REUNIS D'AQUITAINE,MME LAVILLE
S.T.N.,
CONSERVERIE DE CAMARGUE,
CAMARGUE IMPERIAL,
CAMARGUE PRODUCTION,
SNC CASH CORSES,
CASH DU SOLEIL,
COMPAGNIE EUROPEENNE D'EXPORTATION,
COFCO,
CORSICA GASTRONOMIE,
D G M S,
MAISON DARQUIER,
DEBORDEAUX,
DELICE TERROIR AUDOIS,
DELPEYRAT,
DELTA CEREALES,
ESCUDIER,
W. K�NDIG & CIE AG,OLIVIER DABAN
LE REVELOIS,MR MOREL
AU PANIER GARNI,
MIDI CONSERVES,M. MURATORI
KOPCKE TRADING INTERNATIONAL,MR VAN AKEN
SOFAL,
SALGUES ET FILS,
CAP ORIENT,BEN KHEMIS ANOUAR
TOUPNOT,
FERRAT MONSIEUR,
SAS C.G.S (Compagnie G�n�rale de Surg�lation),
PROFRUIT,
SUD TERROIR SARL,JEAN-LUC
SOUFFLET ALIMENTAIRE,
MONSIEUR PAQUET,
APPETIT DE FRANCE,M. BATAILLON
COMMISSION EUROPEENNE,MARLEENE LEFEVRE
SD LOG,M. BAUSSAN
POUCEL S.A.,
SOLEIL FRUITS,
POMONA / PRIMEURS LOIR ET CHER,
WILLIAM SAURIN PRODUCTION,
MIQUEL,M. MIQUEL
CAPARROS,
LA MAREE TRAITEUR,ROGER CIAMPI
LE PARADIS D'EPICES,MR ZERZERI
SICA VALLEE DE LA LYS,
NR ET J PRIMEURS SARL,M. NAPOLI
HYPER U,
CHAMPS DIFFUSION,
TIMMERMAN,S.A. MAXIME TIMMERMAN
H. B. AGROTRADE SA,HASSAN BOUBESS
KATSOURIS FRESH FOODS/BAKKAVOR,
PERIGORD DISTRIBUTION,
CONSERVES PERIGOURDINES,
LAREDY,M. NADIRAS
JEAN MARTIN,
GE.CA.LEGUMI,
AFA TRADING,
SAMGAB,M. MREJEN / MR GABRIEL
ARDO SA,JP TOMADESSO
INTER PROTEINE NEDERLAND BV,
LA MAISON DU CONFIT,Monsieur COLLE
ARDOSIAL,JP TOMADESSO
RICCI GIOVANNI,
DOMAINE DE LA GARRELIE,
ESPOSITO,
PELMOLEN B.V.,
ABBAYE DE WOESTYNE,FRANCOIS BONDUELLE
GUIOT S.A.,
MASSBERG KARL W.K.,
CONSERVES DU BLAISOIS,
CEREAL MANGIMI,
UNIDEX,
CHATEAU DE CAVANAC,
ARCESA ARROCES Y CEREALES,
EURO DISPAL,M. FRANCK
G.T,
CONTINENTAL TRADERS,
KRIEGER HANDELSGESELLSCHAFT,
PANIERS DU SHABBAT,
FRANCE AGRO,RIAD / PASCAL
TERRA ANTICA,HERVE
SAMALI,
UNIGROS 2,IRENE RISTORCELLI/
VALINCO PRIMEURS,
SOCIETE COMPTOIR DU NORD,
BRULEX FLACHAT,
DOMINGO GRAU,
EUROPEAN FRUIT TRADING LIMITED,MONSIEUR SENTIS
S.N.R.I.,CAROLE VACHON
ALIMENTS SUD,M. AZDAD
O.P.A. DISTRIBUTION,MR SARO
PROVENCE IQF,M.ESPAZA
C P PRODUCTION,
MONSIEUR AMAR FERRAT,
IDJEUR ALIMENTATION,
LIGNE DIRECTE PRODUCTION,M. TRESOLDI MICHEL
SUD SAVEUR,
TERRAVECCHIA FRANCESCO PAOLO,JOSSERAND
VITAL,
MONETTO,
ESCA,
LES FILS DE SAUVEUR MARTY,
FARDEAU THIERRY,
PEABEANS BVBA,
CAPUTO AMEDIO E FIGLI SAS,JOSSERAND
GUADALIM,
LE TAJINE,
FRA FAMILLE,
LEBECQUE MONSIEUR,
S V A NEGOCE,M. SAIFI
GRAINES DE PARADIS,
S M P H,SONIA LAMINE
ROBIC EMMANUEL,
DELICES ET CREATION - MURAT,M. MURAT
SAGAPER,
STEEN EN C�,
TAFFIN MICHEL,
PHYTOSEM,
SIAC,
G.M.S. NEGOCE ALIMENTAIRE,
SOBORIZ INDUSTRIE,
LES PRODUITS DU SOLEIL,FREDERIC
D.C.A. DISTRIBUTION,info@dca-distribution.fr
CASILLO PASQUALE SNC,JOSSERAND
NUMIDIAN Finance et technologie,
BGM NAHRUNGSMITTEL HG,
ROCHE MONSIEUR,
LES PETITES HALLES,
SERVAGRO,M. BOUQUET
HYPER U,M. CHABRIER
SOCIETE FRANCAISE DE RIZ DE CHOIX,BOUTEILLE
LUSTUCRU,MR PASCAL PAULY
BUSCA,
COMMERCIAL  SERVICE,
COFRAPEX,
BEGRO NV,
TRANSPORTS FROSIO ET FILS,
S A M A N,
LE CHEF TRAITEUR,MR LAMARQUE
MEDIACO,
GARIMPEX LEBUMBRES S.L.,PLI
JARDIN DU MIDI,
AGROLIVE,
KALIFRAIS,
PIPOZ VALERIE,
NORMAPRO FRANCE,M. PEJEAN04.94.45.51.10
FIDELE,M. LE JONCOURT Bruno
COVI SAS,M. VINCENT BARRAULT
GEXIMA,
PANZANI,MR PASCAL PAULY
BRITTANIA,
ALIMEX EUR B.V.,
PC INTERNATIONAL nv,
VAN SILLEVOLDT RIJST B.V.,
LES DELICES DU PETIT BOIS,M.DELFIEU
VERWAERDE,
UNILEVER BEST FOODS DEUTSCHLAND,
SITARANI,MR SIDI
DEMOGRAINS,
AFRICA CONGELATION ABDOU KALATOUMI,M. ABOUBACAR ABDOU
MAISON ALEX,
MERIDIONALE ALIMENTI S.R.L,
LABORATOIRE D'HERBORISTERIE GENERALE,
SAMAN,
QUILLE GROUPE VGB,M.VERGEZ
MAITRE PRUNILLE,
LIDL,M. VAN HASSELT
INTERFOOD,M. KHALID
BONDUELLE CENTRAL EUROPE KFT,
MSSA Ali,
MERVILLE AGRO ALIM.,
RISERIA CARLO PIGINO & FIGLIO,
INTERNATIONAL FOOD COMPANY,M. DERONSART
SARL RZ,
LES FILS DE DOMINIQUE FERRIGNO,
EURICOM,
LAROC AB,
INTERAL,MR KAMER
EUROCASH,M.WERNER RICHERT
COFAVI,
CONSERVERIE DE CASATORRA,MARIE-PIERRE
CONDIFRANCE,LABAU FRANCK
YAN,M. BAROUNIAN
MONSIEUR FERNANDEZ,
BONDUELLE KUBAN LLC,
D L P,JLMARMET
COMPTOIR EXOTIQUE,M. ABADOU ACHOUR
COFAVI TOULOUSE,
GEORGELIN Lucien,
CONTINENTALE NUTRITION,
P.R.O.G.R.E.,
DISTREUROPE,M.THIERRY TOMASI
SOMEDIAL,BEATRICE MUTTEZ
DIMA,M. SAID/ MEDHI
LA PELLE D'OR,DANIEL
WALLACE DISTRIBUTION,
GRAINES GONDIAN,ALAIN GARIOUD
STAGRAIN MAKHLOUFI COMPANY,
AGRICORE UNITED,
PRO A PRO DISTRIBUTION NORD,
MOSAIQUE,M. LE ROY
PRO A PRO DISTRIBUTION NORD,
CELTIGEL,
RE-VIVRE RHONE ALPES,
PRO A PRO CHAPONNAY,
MORETO FILLS,
CORIMA,M. ALI / RACHID
JSD DISTRIBUTION,JACOB
DISTRIAL,M. DJADJ
EURICOM HELLAS,
LES DELICES DE LA MER,M.THIERRY HUTET
V.G.B. TRADING,BOUZID CHEHBOUB
SOLEDA-NEGOCE,06.09.92.59.83
MARKET ORIENTAL EXPORT,
BONDUELLE CENTRAL EUROPE KFT,
GEPROCOR,MME NURIT
U.C.R.,
M.N.S.,FABIENNE DALLONS
MT DISTRIBUTION IMPORT EXPORT,00213770302196TOUFIK
PADANA SEMENTI ELETTE,
AUX SURGELES PHOCEENS,
DENIS CAUCHY,
COUBANSKIECONSERVI,
D'AUCY KONZERVGYARTO ZRT,
DUMOULIN,
MARSEILLE MEAT COMPANY,M EL KEURTI
JARDINIERS DU MIDI,PATRICK
CENTRE DE NEGOCE ALIMENTAIRE,M. BOUOD
MALENCHINO GUISEPPE,
ARMADA GIDA TICARET SANAYI A.S.,
DEKO FOOD ZRT,
NAVITRANS MEDITERRANEE,
DHL METRO,
LENTEKS FOOD & AGRI PRODUCTS TRADE,
MICOULEAU,
MHP PRODUCTION,
INTERNATIONAL FOR IMPORT,
TRANSPORTS R MAZZETTI,
MATRAM,
CHENOUNA,
PROGRE,
WESTHOVE,
TIGHILT (ECOLOIC),M. TIGHILT SAMIR
LES DELICES D'AUZAN,M. PHILIPPE MARSON
NV BONDUELLE NORTHERN EUROPE,
HARIBEAUCE,
AR INDUSTRIE ALIMENTARI SPA,
AMIRA,
DIDI LE PRIX,SALEM
C.T.C.P.A. AVIGNON,PATRICK MATHIOT
INTERPOLE,
POORTMAN ( LONDON ) LTD,
AGRIBERIA,M. LE ROY
OLIMED,BOUOD EL HASSAN
FRESH DECOUPE,SEBASTIEN GUIDEZ
MONDIAL DISTRIBUTION,M. CIHAN
BRANDWIJK HOLLAND,PETER BRANDWIJK
CHAN'S,
ABED DJAMEL,
AGRIFOOD TRADE B V,
BUONOMO PRIMEURS,
ALLA MARCA FOOD B V,
DKSH FRANCE SA,
BAOBAG,
TANNERIE REMY CARRIAT,
HANJIN SHIPPING,
SACHERIE DU MIDI,
EL MEDIOUNI  SARL,
GYMA EPICES,
ETS ANGILINI,
AGROVER SRL,
A.C.D.S.,
S P SRL,
AMARSUD,
FMA,OMUR
SUD CEREALES,
SCHLUTER & MAACK,
CASTELMAIS,
COSTIMEX,
C R A F,
COPAC VRAC,
CMA CGM,
N.DENTRESSANGLE SILO,
E.T.I.,
FOURNIER LOGISTIQUE,
FRANCE CHITINE,
GSN SEMENCES,
HOESCHT MARION ROUSSEL,
LETELLIER,
MATRAMA/SETE,
MATRAMA,
GRANDS MOULIN MAUREL,
MATRAMA LE HAVRE,
MEDIACO VRAC,
MSAS GLOBAL LOGISTIQUE,
MARSEILLE TRANSPORTS,
NIBBIO,
PISANI S.A,
SOCOHERB,
H S P SEMENCES DE PROVENCE,04 66 02 21 23
LES SILOS DE TOURTOULEN,
SEMOULERIE BELLEVUE,
SUD TRANSIT,MR FITOUSSI
SUD CEREALES,
TRANS-MED,
TRANSCAUSSE,
WELDING GMBH & CO,
BG CORPORATION,
RIDOTTO RISI,
DARAS,
CHIPPEWA VALLEY BEAN CO,
LIDL,
EUREDEN GROUP,
BONDUELLE EUROPE LONG LIFE,
BONDUELLE EUROPE LONG LIFE,
BONDUELLE EUROPE LONG LIFE,
BONDUELLE EUROPE LONG LIFE,
METRO STOCKAGE SEC MARNE,
THE TEHNIC FOOD COMPANY,COGESER
BIENFAITS DE FRANCE,
BOUCHERIE CHARAFE,
CHENIL DU BOIS DE PONTOISE,
CONSERVERIE DE BERGERAC,
COSTE CLAUDE,
CREALINE SAS,M L BIGOT
SARL IMPEX PARTNERS,
MDA,
M C J FOOD,
O'CARREFOUR DES VIANDES,
PHOCEENNE DE NEGOCE,MR DELATOUCHE JEAN-MARC
CLJPACK,
COMPTOIR D'ORIENT,
FAVOLS BIAS,
AU ROYAUME DES VIANDES ISLAMIQUES,
M.E.D. ORIENT IMPORT EXPORT,
SAS FRIAL,NATHALIE VIENT
SOUFFLET ALIMENTAIRE CAMARGUE,
METRO STOCKAGE SEC ANGERS,
METRO CTFF,
COUBANSKIE CONSERVI,
CORSICA BIO NATURE,
OLIVIERI PRIMEURS,
SOBORIZ INDUSTRIE,PATRICK BARJONET
SOBORIZ,
POUJOL,
TIPIAK EPICERIE,CECILE DALMAZ
CIBIN LEGUMI SRL,
RAYNAL,
IPOSEA,
LUP ' INGREDIENT,
MUELLER'S MUEHLE Gmbh,
BONDUELLE TRAITEUR ,
MINALEYCE S.L.,
EUROSORGHO,
RETOUR PALETTES TRANSPORTEUR,
BONANSERA GERARD,
GEL SUD SARL,
F.I.T. FRANCO ITALIENNE DE TRADING,
CIACAM,
INARA SRL,
DARAS,M. COULLAUT
FRAMAPACK,
AGRIPIU' di VALENTE Vincenzo S.R.L.,
BRANDWIJK HOLLAND PEULVRUCHEN,PETER
TOMMASI OLIVIER,
MC TRANSIT,
SUBA ALIMENTARE SRL,
INARIZ,
F.M.A.,
A. POORTMAN HOLLAND,
COMMODITY SPECIALISTS COMPANY,
DALIAN NONGKEN BEIDAHUANG INTERNATIONAL,
INTER PLUS,
MONSIEUR BASMAISON,
ACHAMSSE MONSIEUR,
C.S.A.,
MONETTO,
GLOBUS KONZERVIPARI ZRT,
TRANSALLIANCE,
SARL COEXO,AMBROSIO DIDIER
ADDOU KARIM,
BACCHI,
FETTAH,
ATLAS,
BELHINOUS RAMZI,
SEEDS GENETICS AUSTRALIA PTY LTD,
SADJI MOHAMED,
SABIL,
ELCHAIS B.V.,
FELLAH,
MAZZETTI,
ESPRI RESTAURATION ,
COLIN PALC SAS,
WOSTIN,
GE.CA LEGUMI S.R.L.,
SASSI II,M. TOMASI
C.F.C.  srl,
HOUTER SOCIETE,
CANAVESE S.A.S.,
EPICERIE SOLIDAIRE LAMAGUETTE DE TOUT POUR TOUS,M. DELION THIERRY
MONSIEUR PAQUET JACQUES,
TEGEL,M. TEHANI RACHID
CIACAM,
CIACAM,
AZAIS POLITO,ERWAN HEREIL
COMPTOIR DE PROVENCE,
MARIANI,
RISO TARANTOLA SRL,
EARL LE ROUX,
SVELTIC,
VERA CONTINENTAL S.L,
CURTI SRL,ida curtiriso
ARTERRIS,
SEDAFRAIS,MME CASONI CHANTAL
VINCENT,
LEGUMINOSAS,
LE THAILANDE,
CONSERVAS HIJOS SANCHEZ BASARTE,
B N T,
SUD DISCOUNT,
MICHEL GUEYDON,
FLAG  DISTRY,M. SEHIL FEMY . M. BOUOD NAJIB
SAIFI FARID,
FERME BEL AIR,
STAR LEASE,
DESTO'CASH MARSEILLE ,
SOUKYELLIS,
ECOLOIC,JEAN FRANCOIS LE BRIS
DELIVERT,MARIETH2 LE BAIL
ETNIC FOODS S.L.,
MAZONE,LAURENCE MATTOUT
WESTFRO N .V,
SOFAAM,
CELNAT,
NR ET J PRIMEURS SARL,
SEFICO,
ALDIMEX,
ACOS,
SENSIENT Natural Ingredients,
LA FOOD S.R.O.,
LABBASS ABDELLAH,
LA FERME DU DOLMEN,
CLL CARGO LOGISTIC,M. MERCERY STEPHANE
AGRIBIO,
LA PERLE D ORIENT,
CALABAS INDUSTRIE,
PROMECS,
HAMOUD,
SOVICAR,
LA LAURAGAISE,Q13: QUAI RECEPTION M.P FRAI
GREENYARD FROZEN FRANCE SAS,
LES JARDINS DE CORSE,MR TORRE FRANCOIS
scamar,sonia mokrane
CREMER Y ASSOCIADOS,
SARL ROCHD,MME BOUOD KARIMA
LEGUMINOSAS INTERNATIONAL S.A,
LES MAGASINS DE PROVENCE,
BERMOND ALIMENT BETAIL,
COOPERL,Mme LE FEVRE
GEXIMA,
HAMDI BENALI,
NUMIDIAN FOODS ,
SELMAOUI HACHEMI,
STAGRAIN MAKHLOUF COMPANY,
KERMENE-KCOM,
AZIZI,
ALIMENTATION GENERALE,ISSIHAKA MCHINDA
BIRABEN SA,
MAISON SUDREAU,
AGIS AVIGNON,JEAN-CLAUDE PLAGIAU
CIRHYO,
PEDON S.P.A.,
S.A.S BERMOND ALIMENTS BETAIL,
BAZAR ALIMENTATION,
PALIMEX SAS,MME CHRISTINE DEMIR
MZE,SAID HALIF
ELHANY,
GIRAUD JOSIANE,
SALIMINA SAID,
DROGUY MARKET,YANIS EL OTHMANI
CERECO,
WHOLE FOODS INTERNATIONAL TRADE CO, LTD,
BONDUELLE AMERICAS,
LEGUMBRES PENELAS S.L.,Pedro Alvarez Ric
CONSERVAS DEL AUTOR, S.A,Alberto  LAPENA
SOCOGRAINS,
BONDUELLE EUROPE LONG LIFE,
LUNOR DISTRIBUTION SA,
COGESER,
OCCITANE PLATS CUISINES,NICOLAS BARDY - RESP. ACHATS
OCCITANE PLATS CUISINES,
MAKRO K&K ,
SOCIETE SOUP'IDEALE,ASTRID MAZUR
SARL NOGEKA EXOTIC FOOD,
ORDISTAL,MOHAMMED DARWISH
SARL TANIT / NATTRANS,
AISSA,KHARRAB MUSTAPHA
COOPERLAC ATLANTIQUE,
greenmodal transport,emilie apat
ECO-MARKET,TIGHILT FAROUK
ISLA DELIS / RUBIS,PASQUINELLI FRANCK
LEGUMBRES LUENGO S.A,COURTIER: ALONS - GAR
EURALIS,SOPHIE COUR
BOUCHERIE ORIENTALE DE SAINTE MUSSE,ENNOURI ABDELKADER
BEANWORKS SEEDS & GRAINS,PETER GOETHALS
ROUBY PROVENCE,
AGRAFRESH BVBA,
KAF TRADING B.V.,
RESTAU DU COEUR,
HUIFENG TRADING LIMITED,
Fond d'Action Solidarité Ficorec,
Jacek Sobczynski,Karol ZIOLKOWSKI
SUD MARCHE,BENAYED
SKAP - SUPER K,JACOB
COMPTOIR AGRICOLE DU LANGUEDOC,PASCAL MADAR
HESBAYEFROST S.A.,Didier Vilret
TABOADA GRUPO ALIMENTARIO S.L.U,Juan Antonio Cano Camarero
GREENYARD PREPARED BELGIUM N.V.,RIK CEYSSENS
CONSERVAS MARZO S.A.,Jose Marzo
ANS DISTRIBUTION,
GREENYARD FROZEN UK LTD.,Didier Pype
EL AMANA,
MARIN MONTEJANO S.A.,ALBERT GARCIA / ALONS-GAR
SARL M&S DISTRIBUTION,
MOULIN MECKERT DIEMER,THIERRY ROBERT
VEGETABLE INDUSTRIE SA,PAS CAL TROCHE LUNOR
HEALTH EXPERT Fkt.,
LA MAISON DU CONFIT,
L'AURES DISTRIBUTION,
SARL KELOU DISTRIBUTION,
MONSIEUR MCHINDA ISSIHAKA,
CAXA SRL,
ARDO AUSTRIA FROST GmbH,SEBASTIAN SKOLE
GREENYARD FROZEN BELGIUM S.A,DIDIER PYPE
TRADE BROTHERS BV,GASPER MARUSA
ALONS-GAR S.L.,ALBERT
ALLIANCE OCCITANE,
PKT ASSOCIATES INC,
KANGOUROU Pty Ltd.,
FOODISH s.r.o.,
LA DORIA INDUSTRIA CONSERVE ALIMENARI SpA,Antonio Borelli
PARTHIOT,
AFFINITY LA CHAPELLE SAS,
ZARPHA,
TOP SEMENCE,
BREDABEST B.V.,
HAK B.V.,
COROOS CONSERVEN B.V.,
AXIOME-PROVENCE,
expor du juric,
SOUFFLET ALIMENTAIRE VALENCIENNES,amaury
MIDI OLIVES,
PIERRE TRAITEUR,
beanworks,STIJN VAN WEZEMAEL
SUICO EOOD,RADOSTINA MLADENOVA
LA LOUVIANE,
SPORTELLI,FRANCO SPORTELLI
SARL CECYFA,
SD LOG,M. BAUSSAN
SARL MDA,
ICI&LA,
CASILLO PASQUALE DI ANIELLO E ANGELO CASILLO & SNC,FRANCO SPORTELLI
RAYAN Y,
JAUHARI,MR ELKHADARI KHALID
TIFMANNEGOCE,MR LAHSEN
SD'LOG,M. BAUSSAN
bouzian,
VGT venice green termianl,
JEAN STALAVEN TRAITEUR SAS,
Jean Stalaven SAS/Groupe Euralis,Anne-Laure Thomas
CASTAING,
S.A.T.A.R.,
FRANZESE Spa,Expor di Juric
SCAVE HOLLAND BV ,
EURALIS GASTRONOMIE,
GEO ABLIS ,
DAURCES DISTRIBUTION,
FRANCE INVESTISSEMENT,BENHALIMA MOHAMED
SARL POM'ALLIUM,
S.A.S LEGRAND,
SERCAM,CEDRIC LAROCHE
DOMINGO GRAU S.L,SR JUAN GRAU
DAY TO DAY / DROGUY MARKET,
PALIMEX,
UNION DE FABRICANTES DE CONSERVAS SA,FERNANDO NAPAL  ROCA
GREENYARD FROZEN FRANCE SAS,JOEL BOUVELLEC
cooros,wim scheefhals
DISTRIB'ELLA,MME VIEIL AUDE
LENERSAN POORTMAN,
SCEA BV DEGROOTE,
SOCABE,
TRANSPORT RACHET,
PROVENCE IQF,MARIE SIGAUD DE BRESC
NUTRINAT,
NGA PROVENCE 4X4,
M S C ,
SCEA DU BOUCHE,MR JULIEN
CHARLES CHRIST SAS,
C&D FOODS FRANCE,
EGETRA,ARNAUD BERTIN
PANZANI CRECERPAL,DOMINIQUE BIARESE
SAS PERRENOT,ELIANE
cofigeo,
CASTAING,SABATHIE SOPHIE
S.A.S. PRO NEGOCE,
ILTA AGRIBUSINESS DMCC,MICHELA TONIATO
KATSOURIS FRESH FOODS/BAKKAVOR,
NUTRINAT - FORUM D'ENTREPRISE,
APORA SOC. COOP. AGRICOLA,Corrado Filippi / C.F.C
FARHAZUR,
OHP,
COROOS PRODUCTIE B.V.,
MAKOLET,BITTAN OLIVIER
DUINEVELD TRANSPORT B.V,
COLOC PROVENCE,
RISO MITTINO,PACIFICO DONDI
Pacifico DONDI,Pacifico DONDI
FOREZIA,PHILIPPE ROUX
PERRET,
ROCAL SAS,
COOPERATIVE AGRICOLE DE LA REGION DE COGNAC,
WILLIAM SAURIN,PHILIPPE GRUAU, STEPHANE DAGUE
SAS SAMSON CHERQUI CIACAM,
EARL OCEANE,
PERRET S.A.,
QUALISOL,
SIBELL,EMILIE VIDAL
BRAET - DE VOS N.V.,JAN BRAET
BOCAGE RESTAURATION,MR ADRIEN SOMMACAL
Y&B AGRO FOOD IM UND EXPORT GMBH,MR ERKAN TURKOGLU
PODRAVKA - LAGRIS AS.,
INTRAMAR FROID,
TIANJIN TANLEY INVESTISSEMENT ET TRADE,
D'ARTA,CHARLOTTE SAMYN
WILLIAM SAURIN PRODUCTION ,
Transports RACHET,
RAIMUNDO MAIA, LDA,
GEOVITA SRL,
CONSERVES FRANCE,Sabrina ALINC
HERBO CAILLEAU,M. BRARD
FESNEAU ANTOINE,
MA PRODUCT SPRL,
EARL BIDOIS,
COMMODITY LINE AGRICULTURE B.V.,
GETREIDE-GUTSCHER GmbH & Co KG,
GETREIDE-GUTSCHER GmbH & Co KG,
CANER BAKLIYAT TIC VE SAN LTD STI,
FRUTAS Y CONSERVAS DE MURCIA S.L.,
LEGUMBRES ARCONADA S.L.,
JEAN STALAVEN/ GROUPE EURALIS,
WHERRY & SONS Ltd,
COOK INOV SA,
NATURAL GIDA SANAYI VE TICARET AS,
ROCA TRULL S.L,
BEN'S FOOD FRANCE,BENSAID ABDELKADER
SOUFFLET AGRICULTURE ,
EARL DE BOISSEREAU,MR MARC ETAVE
EARL DE FONTENEAU,MR JEAN CHRISTOPHE DEBOURGES
EARL DU GUE D'AMOUR,MR MATTHIEU JEANNEAU
EARL ROGER CONAN,
COOPERATIVE DE MATHA,
LEGUMBRES CERES S.L.,
METRO STOCKAGE SEC MITRY,
CEREALES ALFALFA - CERALFA S.L,
PROVENCE COLLECTIVITES,DIEU ERIC
DELPHI ORGANIC GmbH,Erme Kirca
ALLIANCE BIO,
SAVEURS ORIENTALES,
BIO-LUZERNE,
FOOD NUTRITION AND INNOVATION,
LEGUMBRES HIJO DE MACARIO MARCOS S.L.,
CASH PHOCEENNE,HASNA BOUDIR
SOCIETE D.T.D,EL OTHMANI  YANIS
NATURALISSIMA,
DAMIEN MERCIER,
SOREAL MEDITERRANEE,GAUDIN FRANCK
ROAD 66 - CITE DE L'AUTO,
BASIC FOOD ApS,PETER DAM
TRANSPORTS  LEVEQUE,
HIJO DE MACARIO MARCOS S.L.,
ZENOBIA S.A.,
MBBS DISTRIBUTION / LE BIO DE MANON,RENAUD SASSO
LA PERIGOURDINE - SAS CONVIAL,ALEXANDRE DESCHAMPS
TAM-KY SAS,
CAPITAINE COOK,MARIE KERMAIDIC-LOMBARD
OLVAC,MR ERIC LIMOZIN
VILMORIN JARDIN,
ELOYDIS,ANDRE PHILIPPE JEAN-MARIE
BONIFICHE FERRARESI SPA,
EARL D'URICHAMP,MR OLIVIER DUBOIS
GAEC NONET,MR NONET
SCEA DE PLAIX,MR STEPHANE ROTINAT
SCEA DE L'ISLE,MR ERWAN LEMINTIER
EARL HIEBLES NOUVELLE,MR JEREMY MARCHAND
GUILLAUME MILARD,MR BERTRAND MILARD
GAEC GALAIS,MR VINCENT GALAIS
SCEA DU CHARME,MR STEPHANE ROTINAT
PERLE ORIENT SUD,HELALI MOHAMED
LEGUMBRES LA COCHURA,EULOGUO SANCHEZ
MICOULEAU,
DUHAMEL,
d'aucy,flore
DUHAMEL,
AGRI-STAR (DALIAN) CO, LTD,
ARDO GOURIN SAS,
BONDUELLE CANADA,
TECNO FARM SRL,
EARL DES RIGOLETTES,
DALIAN JIAHE GRAIN CO., LTD,
AGROSAF GIDA LTD.,
SARL DU MAIL / BIO GASCOGNE,MR MELIET NICOLAS MICHEL
BALTUSSEN KONSERVENFABRIEK N.V.,+31(0)264799033
LES RESTAURANTS DU COEUR,
MEMISOGLU TARIM URUNLERI TIC. LTD. STI.,
ACHKOUN ,NASSER TANIT
BAR LAKOL,
MALLCROP INTERNATIONAL,
OGEREAU EARL,
EARL DE LA GARDE,
GAEC DE LA FOYE,
STEF MIDI PYRENEE LIMOUSIN,
DURAND TRANSP-LOG,
FM LOGISTIC FONTENAY TRESIGNY,
GRAINS D'OC,
SAS MANON,
LINDELAUF GRANEN,ERIC LINDELAUF
CAMARGUE PRODUCTION,MR CUILLE FRANCOIS
SCEA DE LA FOYE,HERVE MIJOIN
schmid kevin,
GANSU LONGRUN IMPORT AND EXPORT CO.,LTD,
AFRIMER EUROPE,
KERVAN FOODS B.V.,
BARAKA MARKET,
EUROCOM,CAROLINA GRIMALDI
MOULIN MARION MEUNERIE SAS,PELLETIER MARIA
VAL DISTRIBUTION / SUPER K,
SARL LES GRENIERS DU PRADAS,M URBAN CHRISTOPHE
GEANT FRAIS,DAOUDI DENIEL
DELLA PERUTA VINCENZO S.p.a,
CONO,
SAVEUR DE METS,
FEGER DI GERARDO FERRAIOLI S.P.A,
WOODS FOOD SERVICE,
SAS NICE DISTRIBUTION,
PASFROST NV,
ISANA NATURFEINKOST GmbH & Co. KG,
IMPROVE,MR DENIS CHEREAU
VOICEVAL FRANCE,
F.A TRADING,DELATOUCHE Jean-Marc
J.P INTERCONTINENTAL,PALOUX JEAN
COEXO LAURES,JEAN LUC MONCEAUX
POITTEMILL SA,
JOSE ABRIL S.L,
SBS DISTRIBUTION,SAID
COLECESA,
MAS BAKLIYAT HUBUBAT SAN. VE TIC. LTD. STI,
MAS BAKLIYAT HUBUBAT SAN. VE TIC. LTD. STI,
JONA - RESTAURANT AU FALAFEL,
BONDUELLE POLSKA S.A,
LES METS DE PROVENCE,MME BERNARD
LOC-NAM,MME SY HELENE
SARL ORSONNEAU,
S.A.S DORIENT/ GOLFE DORIENT,
KANEMATSU CORPORATION,
F & H AGRO FOOD,MR DAHMANI
Gansu cheng sheng original grain,
LOOS ALIMENTS BRONGNIART ET FILS,
CAT ARC EN CIEL,
PHOCENNE DES VIANDES HALLAL,
AGROTRADE SAS,
NEGOBEAUCE,
TAISHIN COMPANY LTD,
LA PALME D'OR,
HAFSI MAROUENE,
LA CENTRALE DU THE SARL,KARIM
AGROSAF GIDA IC VE DIS TIC. LTD. STI,
FLEXATRANS,
EARL DENNEQUIN,
AGT FOODS EUROPE BV,
TRADING NEGOCE,
INDUSTRIAS RACIONERO S.A.,Gonzalo de la Cierva
BEAUGEARD,
EARL DU BOIS MITET,
CONSERVAS HIJOS DE MANUEL SANCHEZ BASARTE S A U,
AYECUE INIESTA, S.A.U,
TOYOTA TSUSHO FOODS CORPORATION,
TERR'LOIRE,
NOLA GmBH,COGESER HERMANN
ETS MOULIN,FONTAINE CHRISTOPHE PIERRE
FM LOGISTIC FONTENAY TRESSIGNY,
DURAND TRANSP-LOG,
BRAVO FOOS B.V,COGESER HERMANN
ASSOCIATION BKOL,ERIC BOUCHOUCHA
ACCESSIT TECHNOLOGIES SASU,
SECOURS POPULAIRE FRANCAISE,SANDRA LEPEZ
GANSU YASHENG INTERNATIONALTRADING CO LTD,
UN AIR D'ICI,JOSIANE MARTIN
DANONE  RESEARCH,Saliha BELAID
SUGIHARA INDUSTRIAL CO LTD,
LA FOURCHE - VRAC,BORIS METON
GREENYARD FROZEN POLAND SP Z.O.O ,STEFAAN
EARL VIGOT,VIGOT
EARL DE BEL AIR,MR PINON
SCEA DE LA TOURNELLE,SCHUMACHER
AUTOSPRINTER MARSEILLE,
MULTICLEAN M3,
MAGASIN BTL POUR WILLIAM SAURIN,
ANSOLIVE,MME SENGUL TOPELI
VEGEDRY,
GROUPE ABCD NUTRITIO N,ALEXIS ROBERT
CONSERVERIE DAVIN,SANDRINE FACON
LA FERME DE LOUIS,DAMIEN MERCIER
EXO 13,
D'AUCY ORLEANS,
BEIJING CLR CEREALS,OILS & FOODSTUFFS CO.,LTD,CASSIE
AGROFIRMA POLE LTD.,JEAN LOUIS LAMAU
EARL DES LACS,M MINCHIN
SCEA DE VARENCEY,M PIOT
DAUCY LE FAOUET,M. LEGAL
DAUCY LOCMINE,M. GUERIN
DAUCY CASTELMORON,M. SOUSTRE
SOBORIZ INDUSTRIE S.A,PATRICK BARJONET
MAGASIN BTL POUR WILLIAM SAURIN,
MAGASIN BTL POUR WILLIAM SAURIN,
BZ PULSES,
CORIMA - TRADCO,M. ALI / RACHID
GLOBAL GRAINS AND INGREDIENTS LIMITED,
STEPHANE PORCS,
FGS INGREDIENTS LTD,HERMANN COGESER
LA FERME PASTIERE,NICOLAS EL DATTARI
ILTA ALIMENTARE SPA,JACOPO CORRENTE CENEDESE
VITAL,
UNIDEX T.a.v.,Esmee Janssen
BEENDHI SAS,
AGROMA,mr aboulghazi / mme Benattou
L'ATELIER V - VEGGIE GOOD DAY,
SOCOFRAM,
VIVESCIA,
EKIBIO,E. BONIN - A-L QUIBLIER
EKIBIO CHASSE-SUR-RHONE,
BIOVIVER CONSERVERIE,C PAOLINI ou P DAUBIE
BIOVIVER DAMAZAN,
SMDV,
SARL FIRSTPELLETS,ANGELIQUE DUTOUR
NISSHO BUSSAN KAISHA, LTD.,
AGRIBIO UNION,
SAVEUR DE METS,
OCCITAL DISTRIBUTION,M BELLALIA
SCEA DU MAS PETIT,REMI BASTIDE
SCA CULTURES FRANCE CHAMPIGNONS,
UNION SEINEYONNE,
NUOVA ILTA S.r.l,DAVIDE GOBESSI
GFI - GLOBAL FOOD AND INGREDIENTS INC,
SCHRUPP LLC,JAMES
PROGRAIN ORGANIC NL BV,
ZATAAR,
BIOVIVER PERIGNY,
MONTEAGLE INTERNATIONAL (UK) LTD,
SUD PALETTES,
TRANSPORT COQUELLE PEYROT,
LINYI YUWANG VEGETABLE PROTEIN CO., Ltd,MA JUN
REITZEL LA HERSE SAS,
REITZEL LA HERSE SAS,
LOMAGNE PRESTATION,DELPHINE RICHARD
CHELMER FOODS LIMITED,FUZAYL BOBOEV
AIB FOODS LTD,COGESER
LE FALAFEL PRADO,EARL MIAMI SUD
MEDIACO VRAC,
LEA NATURE ,
ARKEA CREDIT BAIL,SONIA ALIX-GILMERT
JPAC SARL,Nathalie de la GIRONIERE
MALHERBE BRETAGNE,
GO FOOD,
SARL AFA CONSERVE,ALONSGAR
RUBY TRADING B.V.,
SARL SAGRIFOOD IMPORT EXPORT,ALONSGAR
ACKERMAN MARKETING INC,
ULTRACONGELADOS DE CORTES SLU,ALONSGAR
ECO SPECIALITY (DALIAN) CORPORATION LTD,
SAS MAISON ESCOURROU,Jean-Yves PRADIER
LOFRESE SPA,FRANCO SPORTELLI
SLDN CANNEBIERE,M EL KEURTI
G&C TRADING,GAETAN TEREC
AGRIFREEZ,CEDRIC DUMONT
KERAMIS,Beno�t ROBERT
TG D'OC,Henri Boyer
S.A.S DES ETS FAYOS,BERNARD SHOURICK
SEVAN AB,CHRISTOPHE MAROUTIAN
CALLERIS SNC DI CALLERIS GIOVANNO & C,
MERRET- STG,CHAFIK KHACHACH
EGETRA,ARNAUD BERTIN
